user_id,username,password
1,user_1,pass_1
2,user_2,pass_2
3,user_3,pass_3
4,user_4,pass_4
5,user_5,pass_5
6,user_6,pass_6
7,user_7,pass_7
8,user_8,pass_8
9,user_9,pass_9
10,user_10,pass_10
11,user_11,pass_11
12,user_12,pass_12
13,user_13,pass_13
14,user_14,pass_14
15,user_15,pass_15
16,user_16,pass_16
17,user_17,pass_17
18,user_18,pass_18
19,user_19,pass_19
20,user_20,pass_20
21,user_21,pass_21
22,user_22,pass_22
23,user_23,pass_23
24,user_24,pass_24
25,user_25,pass_25
26,user_26,pass_26
27,user_27,pass_27
28,user_28,pass_28
29,user_29,pass_29
30,user_30,pass_30
31,user_31,pass_31
32,user_32,pass_32
33,user_33,pass_33
34,user_34,pass_34
35,user_35,pass_35
36,user_36,pass_36
37,user_37,pass_37
38,user_38,pass_38
39,user_39,pass_39
40,user_40,pass_40
41,user_41,pass_41
42,user_42,pass_42
43,user_43,pass_43
44,user_44,pass_44
45,user_45,pass_45
46,user_46,pass_46
47,user_47,pass_47
48,user_48,pass_48
49,user_49,pass_49
50,user_50,pass_50
51,user_51,pass_51
52,user_52,pass_52
53,user_53,pass_53
54,user_54,pass_54
55,user_55,pass_55
56,user_56,pass_56
57,user_57,pass_57
58,user_58,pass_58
59,user_59,pass_59
60,user_60,pass_60
61,user_61,pass_61
62,user_62,pass_62
63,user_63,pass_63
64,user_64,pass_64
65,user_65,pass_65
66,user_66,pass_66
67,user_67,pass_67
68,user_68,pass_68
69,user_69,pass_69
70,user_70,pass_70
71,user_71,pass_71
72,user_72,pass_72
73,user_73,pass_73
74,user_74,pass_74
75,user_75,pass_75
76,user_76,pass_76
77,user_77,pass_77
78,user_78,pass_78
79,user_79,pass_79
80,user_80,pass_80
81,user_81,pass_81
82,user_82,pass_82
83,user_83,pass_83
84,user_84,pass_84
85,user_85,pass_85
86,user_86,pass_86
87,user_87,pass_87
88,user_88,pass_88
89,user_89,pass_89
90,user_90,pass_90
91,user_91,pass_91
92,user_92,pass_92
93,user_93,pass_93
94,user_94,pass_94
95,user_95,pass_95
96,user_96,pass_96
97,user_97,pass_97
98,user_98,pass_98
99,user_99,pass_99
100,user_100,pass_100
101,user_101,pass_101
102,user_102,pass_102
103,user_103,pass_103
104,user_104,pass_104
105,user_105,pass_105
106,user_106,pass_106
107,user_107,pass_107
108,user_108,pass_108
109,user_109,pass_109
110,user_110,pass_110
111,user_111,pass_111
112,user_112,pass_112
113,user_113,pass_113
114,user_114,pass_114
115,user_115,pass_115
116,user_116,pass_116
117,user_117,pass_117
118,user_118,pass_118
119,user_119,pass_119
120,user_120,pass_120
121,user_121,pass_121
122,user_122,pass_122
123,user_123,pass_123
124,user_124,pass_124
125,user_125,pass_125
126,user_126,pass_126
127,user_127,pass_127
128,user_128,pass_128
129,user_129,pass_129
130,user_130,pass_130
131,user_131,pass_131
132,user_132,pass_132
133,user_133,pass_133
134,user_134,pass_134
135,user_135,pass_135
136,user_136,pass_136
137,user_137,pass_137
138,user_138,pass_138
139,user_139,pass_139
140,user_140,pass_140
141,user_141,pass_141
142,user_142,pass_142
143,user_143,pass_143
144,user_144,pass_144
145,user_145,pass_145
146,user_146,pass_146
147,user_147,pass_147
148,user_148,pass_148
149,user_149,pass_149
150,user_150,pass_150
151,user_151,pass_151
152,user_152,pass_152
153,user_153,pass_153
154,user_154,pass_154
155,user_155,pass_155
156,user_156,pass_156
157,user_157,pass_157
158,user_158,pass_158
159,user_159,pass_159
160,user_160,pass_160
161,user_161,pass_161
162,user_162,pass_162
163,user_163,pass_163
164,user_164,pass_164
165,user_165,pass_165
166,user_166,pass_166
167,user_167,pass_167
168,user_168,pass_168
169,user_169,pass_169
170,user_170,pass_170
171,user_171,pass_171
172,user_172,pass_172
173,user_173,pass_173
174,user_174,pass_174
175,user_175,pass_175
176,user_176,pass_176
177,user_177,pass_177
178,user_178,pass_178
179,user_179,pass_179
180,user_180,pass_180
181,user_181,pass_181
182,user_182,pass_182
183,user_183,pass_183
184,user_184,pass_184
185,user_185,pass_185
186,user_186,pass_186
187,user_187,pass_187
188,user_188,pass_188
189,user_189,pass_189
190,user_190,pass_190
191,user_191,pass_191
192,user_192,pass_192
193,user_193,pass_193
194,user_194,pass_194
195,user_195,pass_195
196,user_196,pass_196
197,user_197,pass_197
198,user_198,pass_198
199,user_199,pass_199
200,user_200,pass_200
201,user_201,pass_201
202,user_202,pass_202
203,user_203,pass_203
204,user_204,pass_204
205,user_205,pass_205
206,user_206,pass_206
207,user_207,pass_207
208,user_208,pass_208
209,user_209,pass_209
210,user_210,pass_210
211,user_211,pass_211
212,user_212,pass_212
213,user_213,pass_213
214,user_214,pass_214
215,user_215,pass_215
216,user_216,pass_216
217,user_217,pass_217
218,user_218,pass_218
219,user_219,pass_219
220,user_220,pass_220
221,user_221,pass_221
222,user_222,pass_222
223,user_223,pass_223
224,user_224,pass_224
225,user_225,pass_225
226,user_226,pass_226
227,user_227,pass_227
228,user_228,pass_228
229,user_229,pass_229
230,user_230,pass_230
231,user_231,pass_231
232,user_232,pass_232
233,user_233,pass_233
234,user_234,pass_234
235,user_235,pass_235
236,user_236,pass_236
237,user_237,pass_237
238,user_238,pass_238
239,user_239,pass_239
240,user_240,pass_240
241,user_241,pass_241
242,user_242,pass_242
243,user_243,pass_243
244,user_244,pass_244
245,user_245,pass_245
246,user_246,pass_246
247,user_247,pass_247
248,user_248,pass_248
249,user_249,pass_249
250,user_250,pass_250
251,user_251,pass_251
252,user_252,pass_252
253,user_253,pass_253
254,user_254,pass_254
255,user_255,pass_255
256,user_256,pass_256
257,user_257,pass_257
258,user_258,pass_258
259,user_259,pass_259
260,user_260,pass_260
261,user_261,pass_261
262,user_262,pass_262
263,user_263,pass_263
264,user_264,pass_264
265,user_265,pass_265
266,user_266,pass_266
267,user_267,pass_267
268,user_268,pass_268
269,user_269,pass_269
270,user_270,pass_270
271,user_271,pass_271
272,user_272,pass_272
273,user_273,pass_273
274,user_274,pass_274
275,user_275,pass_275
276,user_276,pass_276
277,user_277,pass_277
278,user_278,pass_278
279,user_279,pass_279
280,user_280,pass_280
281,user_281,pass_281
282,user_282,pass_282
283,user_283,pass_283
284,user_284,pass_284
285,user_285,pass_285
286,user_286,pass_286
287,user_287,pass_287
288,user_288,pass_288
289,user_289,pass_289
290,user_290,pass_290
291,user_291,pass_291
292,user_292,pass_292
293,user_293,pass_293
294,user_294,pass_294
295,user_295,pass_295
296,user_296,pass_296
297,user_297,pass_297
298,user_298,pass_298
299,user_299,pass_299
300,user_300,pass_300
301,user_301,pass_301
302,user_302,pass_302
303,user_303,pass_303
304,user_304,pass_304
305,user_305,pass_305
306,user_306,pass_306
307,user_307,pass_307
308,user_308,pass_308
309,user_309,pass_309
310,user_310,pass_310
311,user_311,pass_311
312,user_312,pass_312
313,user_313,pass_313
314,user_314,pass_314
315,user_315,pass_315
316,user_316,pass_316
317,user_317,pass_317
318,user_318,pass_318
319,user_319,pass_319
320,user_320,pass_320
321,user_321,pass_321
322,user_322,pass_322
323,user_323,pass_323
324,user_324,pass_324
325,user_325,pass_325
326,user_326,pass_326
327,user_327,pass_327
328,user_328,pass_328
329,user_329,pass_329
330,user_330,pass_330
331,user_331,pass_331
332,user_332,pass_332
333,user_333,pass_333
334,user_334,pass_334
335,user_335,pass_335
336,user_336,pass_336
337,user_337,pass_337
338,user_338,pass_338
339,user_339,pass_339
340,user_340,pass_340
341,user_341,pass_341
342,user_342,pass_342
343,user_343,pass_343
344,user_344,pass_344
345,user_345,pass_345
346,user_346,pass_346
347,user_347,pass_347
348,user_348,pass_348
349,user_349,pass_349
350,user_350,pass_350
351,user_351,pass_351
352,user_352,pass_352
353,user_353,pass_353
354,user_354,pass_354
355,user_355,pass_355
356,user_356,pass_356
357,user_357,pass_357
358,user_358,pass_358
359,user_359,pass_359
360,user_360,pass_360
361,user_361,pass_361
362,user_362,pass_362
363,user_363,pass_363
364,user_364,pass_364
365,user_365,pass_365
366,user_366,pass_366
367,user_367,pass_367
368,user_368,pass_368
369,user_369,pass_369
370,user_370,pass_370
371,user_371,pass_371
372,user_372,pass_372
373,user_373,pass_373
374,user_374,pass_374
375,user_375,pass_375
376,user_376,pass_376
377,user_377,pass_377
378,user_378,pass_378
379,user_379,pass_379
380,user_380,pass_380
381,user_381,pass_381
382,user_382,pass_382
383,user_383,pass_383
384,user_384,pass_384
385,user_385,pass_385
386,user_386,pass_386
387,user_387,pass_387
388,user_388,pass_388
389,user_389,pass_389
390,user_390,pass_390
391,user_391,pass_391
392,user_392,pass_392
393,user_393,pass_393
394,user_394,pass_394
395,user_395,pass_395
396,user_396,pass_396
397,user_397,pass_397
398,user_398,pass_398
399,user_399,pass_399
400,user_400,pass_400
401,user_401,pass_401
402,user_402,pass_402
403,user_403,pass_403
404,user_404,pass_404
405,user_405,pass_405
406,user_406,pass_406
407,user_407,pass_407
408,user_408,pass_408
409,user_409,pass_409
410,user_410,pass_410
411,user_411,pass_411
412,user_412,pass_412
413,user_413,pass_413
414,user_414,pass_414
415,user_415,pass_415
416,user_416,pass_416
417,user_417,pass_417
418,user_418,pass_418
419,user_419,pass_419
420,user_420,pass_420
421,user_421,pass_421
422,user_422,pass_422
423,user_423,pass_423
424,user_424,pass_424
425,user_425,pass_425
426,user_426,pass_426
427,user_427,pass_427
428,user_428,pass_428
429,user_429,pass_429
430,user_430,pass_430
431,user_431,pass_431
432,user_432,pass_432
433,user_433,pass_433
434,user_434,pass_434
435,user_435,pass_435
436,user_436,pass_436
437,user_437,pass_437
438,user_438,pass_438
439,user_439,pass_439
440,user_440,pass_440
441,user_441,pass_441
442,user_442,pass_442
443,user_443,pass_443
444,user_444,pass_444
445,user_445,pass_445
446,user_446,pass_446
447,user_447,pass_447
448,user_448,pass_448
449,user_449,pass_449
450,user_450,pass_450
451,user_451,pass_451
452,user_452,pass_452
453,user_453,pass_453
454,user_454,pass_454
455,user_455,pass_455
456,user_456,pass_456
457,user_457,pass_457
458,user_458,pass_458
459,user_459,pass_459
460,user_460,pass_460
461,user_461,pass_461
462,user_462,pass_462
463,user_463,pass_463
464,user_464,pass_464
465,user_465,pass_465
466,user_466,pass_466
467,user_467,pass_467
468,user_468,pass_468
469,user_469,pass_469
470,user_470,pass_470
471,user_471,pass_471
472,user_472,pass_472
473,user_473,pass_473
474,user_474,pass_474
475,user_475,pass_475
476,user_476,pass_476
477,user_477,pass_477
478,user_478,pass_478
479,user_479,pass_479
480,user_480,pass_480
481,user_481,pass_481
482,user_482,pass_482
483,user_483,pass_483
484,user_484,pass_484
485,user_485,pass_485
486,user_486,pass_486
487,user_487,pass_487
488,user_488,pass_488
489,user_489,pass_489
490,user_490,pass_490
491,user_491,pass_491
492,user_492,pass_492
493,user_493,pass_493
494,user_494,pass_494
495,user_495,pass_495
496,user_496,pass_496
497,user_497,pass_497
498,user_498,pass_498
499,user_499,pass_499
500,user_500,pass_500
501,user_501,pass_501
502,user_502,pass_502
503,user_503,pass_503
504,user_504,pass_504
505,user_505,pass_505
506,user_506,pass_506
507,user_507,pass_507
508,user_508,pass_508
509,user_509,pass_509
510,user_510,pass_510
511,user_511,pass_511
512,user_512,pass_512
513,user_513,pass_513
514,user_514,pass_514
515,user_515,pass_515
516,user_516,pass_516
517,user_517,pass_517
518,user_518,pass_518
519,user_519,pass_519
520,user_520,pass_520
521,user_521,pass_521
522,user_522,pass_522
523,user_523,pass_523
524,user_524,pass_524
525,user_525,pass_525
526,user_526,pass_526
527,user_527,pass_527
528,user_528,pass_528
529,user_529,pass_529
530,user_530,pass_530
531,user_531,pass_531
532,user_532,pass_532
533,user_533,pass_533
534,user_534,pass_534
535,user_535,pass_535
536,user_536,pass_536
537,user_537,pass_537
538,user_538,pass_538
539,user_539,pass_539
540,user_540,pass_540
541,user_541,pass_541
542,user_542,pass_542
543,user_543,pass_543
544,user_544,pass_544
545,user_545,pass_545
546,user_546,pass_546
547,user_547,pass_547
548,user_548,pass_548
549,user_549,pass_549
550,user_550,pass_550
551,user_551,pass_551
552,user_552,pass_552
553,user_553,pass_553
554,user_554,pass_554
555,user_555,pass_555
556,user_556,pass_556
557,user_557,pass_557
558,user_558,pass_558
559,user_559,pass_559
560,user_560,pass_560
561,user_561,pass_561
562,user_562,pass_562
563,user_563,pass_563
564,user_564,pass_564
565,user_565,pass_565
566,user_566,pass_566
567,user_567,pass_567
568,user_568,pass_568
569,user_569,pass_569
570,user_570,pass_570
571,user_571,pass_571
572,user_572,pass_572
573,user_573,pass_573
574,user_574,pass_574
575,user_575,pass_575
576,user_576,pass_576
577,user_577,pass_577
578,user_578,pass_578
579,user_579,pass_579
580,user_580,pass_580
581,user_581,pass_581
582,user_582,pass_582
583,user_583,pass_583
584,user_584,pass_584
585,user_585,pass_585
586,user_586,pass_586
587,user_587,pass_587
588,user_588,pass_588
589,user_589,pass_589
590,user_590,pass_590
591,user_591,pass_591
592,user_592,pass_592
593,user_593,pass_593
594,user_594,pass_594
595,user_595,pass_595
596,user_596,pass_596
597,user_597,pass_597
598,user_598,pass_598
599,user_599,pass_599
600,user_600,pass_600
601,user_601,pass_601
602,user_602,pass_602
603,user_603,pass_603
604,user_604,pass_604
605,user_605,pass_605
606,user_606,pass_606
607,user_607,pass_607
608,user_608,pass_608
609,user_609,pass_609
610,user_610,pass_610
611,user_611,pass_611
612,user_612,pass_612
613,user_613,pass_613
614,user_614,pass_614
615,user_615,pass_615
616,user_616,pass_616
617,user_617,pass_617
618,user_618,pass_618
619,user_619,pass_619
620,user_620,pass_620
621,user_621,pass_621
622,user_622,pass_622
623,user_623,pass_623
624,user_624,pass_624
625,user_625,pass_625
626,user_626,pass_626
627,user_627,pass_627
628,user_628,pass_628
629,user_629,pass_629
630,user_630,pass_630
631,user_631,pass_631
632,user_632,pass_632
633,user_633,pass_633
634,user_634,pass_634
635,user_635,pass_635
636,user_636,pass_636
637,user_637,pass_637
638,user_638,pass_638
639,user_639,pass_639
640,user_640,pass_640
641,user_641,pass_641
642,user_642,pass_642
643,user_643,pass_643
644,user_644,pass_644
645,user_645,pass_645
646,user_646,pass_646
647,user_647,pass_647
648,user_648,pass_648
649,user_649,pass_649
650,user_650,pass_650
651,user_651,pass_651
652,user_652,pass_652
653,user_653,pass_653
654,user_654,pass_654
655,user_655,pass_655
656,user_656,pass_656
657,user_657,pass_657
658,user_658,pass_658
659,user_659,pass_659
660,user_660,pass_660
661,user_661,pass_661
662,user_662,pass_662
663,user_663,pass_663
664,user_664,pass_664
665,user_665,pass_665
666,user_666,pass_666
667,user_667,pass_667
668,user_668,pass_668
669,user_669,pass_669
670,user_670,pass_670
671,user_671,pass_671
672,user_672,pass_672
673,user_673,pass_673
674,user_674,pass_674
675,user_675,pass_675
676,user_676,pass_676
677,user_677,pass_677
678,user_678,pass_678
679,user_679,pass_679
680,user_680,pass_680
681,user_681,pass_681
682,user_682,pass_682
683,user_683,pass_683
684,user_684,pass_684
685,user_685,pass_685
686,user_686,pass_686
687,user_687,pass_687
688,user_688,pass_688
689,user_689,pass_689
690,user_690,pass_690
691,user_691,pass_691
692,user_692,pass_692
693,user_693,pass_693
694,user_694,pass_694
695,user_695,pass_695
696,user_696,pass_696
697,user_697,pass_697
698,user_698,pass_698
699,user_699,pass_699
700,user_700,pass_700
701,user_701,pass_701
702,user_702,pass_702
703,user_703,pass_703
704,user_704,pass_704
705,user_705,pass_705
706,user_706,pass_706
707,user_707,pass_707
708,user_708,pass_708
709,user_709,pass_709
710,user_710,pass_710
711,user_711,pass_711
712,user_712,pass_712
713,user_713,pass_713
714,user_714,pass_714
715,user_715,pass_715
716,user_716,pass_716
717,user_717,pass_717
718,user_718,pass_718
719,user_719,pass_719
720,user_720,pass_720
721,user_721,pass_721
722,user_722,pass_722
723,user_723,pass_723
724,user_724,pass_724
725,user_725,pass_725
726,user_726,pass_726
727,user_727,pass_727
728,user_728,pass_728
729,user_729,pass_729
730,user_730,pass_730
731,user_731,pass_731
732,user_732,pass_732
733,user_733,pass_733
734,user_734,pass_734
735,user_735,pass_735
736,user_736,pass_736
737,user_737,pass_737
738,user_738,pass_738
739,user_739,pass_739
740,user_740,pass_740
741,user_741,pass_741
742,user_742,pass_742
743,user_743,pass_743
744,user_744,pass_744
745,user_745,pass_745
746,user_746,pass_746
747,user_747,pass_747
748,user_748,pass_748
749,user_749,pass_749
750,user_750,pass_750
751,user_751,pass_751
752,user_752,pass_752
753,user_753,pass_753
754,user_754,pass_754
755,user_755,pass_755
756,user_756,pass_756
757,user_757,pass_757
758,user_758,pass_758
759,user_759,pass_759
760,user_760,pass_760
761,user_761,pass_761
762,user_762,pass_762
763,user_763,pass_763
764,user_764,pass_764
765,user_765,pass_765
766,user_766,pass_766
767,user_767,pass_767
768,user_768,pass_768
769,user_769,pass_769
770,user_770,pass_770
771,user_771,pass_771
772,user_772,pass_772
773,user_773,pass_773
774,user_774,pass_774
775,user_775,pass_775
776,user_776,pass_776
777,user_777,pass_777
778,user_778,pass_778
779,user_779,pass_779
780,user_780,pass_780
781,user_781,pass_781
782,user_782,pass_782
783,user_783,pass_783
784,user_784,pass_784
785,user_785,pass_785
786,user_786,pass_786
787,user_787,pass_787
788,user_788,pass_788
789,user_789,pass_789
790,user_790,pass_790
791,user_791,pass_791
792,user_792,pass_792
793,user_793,pass_793
794,user_794,pass_794
795,user_795,pass_795
796,user_796,pass_796
797,user_797,pass_797
798,user_798,pass_798
799,user_799,pass_799
800,user_800,pass_800
801,user_801,pass_801
802,user_802,pass_802
803,user_803,pass_803
804,user_804,pass_804
805,user_805,pass_805
806,user_806,pass_806
807,user_807,pass_807
808,user_808,pass_808
809,user_809,pass_809
810,user_810,pass_810
811,user_811,pass_811
812,user_812,pass_812
813,user_813,pass_813
814,user_814,pass_814
815,user_815,pass_815
816,user_816,pass_816
817,user_817,pass_817
818,user_818,pass_818
819,user_819,pass_819
820,user_820,pass_820
821,user_821,pass_821
822,user_822,pass_822
823,user_823,pass_823
824,user_824,pass_824
825,user_825,pass_825
826,user_826,pass_826
827,user_827,pass_827
828,user_828,pass_828
829,user_829,pass_829
830,user_830,pass_830
831,user_831,pass_831
832,user_832,pass_832
833,user_833,pass_833
834,user_834,pass_834
835,user_835,pass_835
836,user_836,pass_836
837,user_837,pass_837
838,user_838,pass_838
839,user_839,pass_839
840,user_840,pass_840
841,user_841,pass_841
842,user_842,pass_842
843,user_843,pass_843
844,user_844,pass_844
845,user_845,pass_845
846,user_846,pass_846
847,user_847,pass_847
848,user_848,pass_848
849,user_849,pass_849
850,user_850,pass_850
851,user_851,pass_851
852,user_852,pass_852
853,user_853,pass_853
854,user_854,pass_854
855,user_855,pass_855
856,user_856,pass_856
857,user_857,pass_857
858,user_858,pass_858
859,user_859,pass_859
860,user_860,pass_860
861,user_861,pass_861
862,user_862,pass_862
863,user_863,pass_863
864,user_864,pass_864
865,user_865,pass_865
866,user_866,pass_866
867,user_867,pass_867
868,user_868,pass_868
869,user_869,pass_869
870,user_870,pass_870
871,user_871,pass_871
872,user_872,pass_872
873,user_873,pass_873
874,user_874,pass_874
875,user_875,pass_875
876,user_876,pass_876
877,user_877,pass_877
878,user_878,pass_878
879,user_879,pass_879
880,user_880,pass_880
881,user_881,pass_881
882,user_882,pass_882
883,user_883,pass_883
884,user_884,pass_884
885,user_885,pass_885
886,user_886,pass_886
887,user_887,pass_887
888,user_888,pass_888
889,user_889,pass_889
890,user_890,pass_890
891,user_891,pass_891
892,user_892,pass_892
893,user_893,pass_893
894,user_894,pass_894
895,user_895,pass_895
896,user_896,pass_896
897,user_897,pass_897
898,user_898,pass_898
899,user_899,pass_899
900,user_900,pass_900
901,user_901,pass_901
902,user_902,pass_902
903,user_903,pass_903
904,user_904,pass_904
905,user_905,pass_905
906,user_906,pass_906
907,user_907,pass_907
908,user_908,pass_908
909,user_909,pass_909
910,user_910,pass_910
911,user_911,pass_911
912,user_912,pass_912
913,user_913,pass_913
914,user_914,pass_914
915,user_915,pass_915
916,user_916,pass_916
917,user_917,pass_917
918,user_918,pass_918
919,user_919,pass_919
920,user_920,pass_920
921,user_921,pass_921
922,user_922,pass_922
923,user_923,pass_923
924,user_924,pass_924
925,user_925,pass_925
926,user_926,pass_926
927,user_927,pass_927
928,user_928,pass_928
929,user_929,pass_929
930,user_930,pass_930
931,user_931,pass_931
932,user_932,pass_932
933,user_933,pass_933
934,user_934,pass_934
935,user_935,pass_935
936,user_936,pass_936
937,user_937,pass_937
938,user_938,pass_938
939,user_939,pass_939
940,user_940,pass_940
941,user_941,pass_941
942,user_942,pass_942
943,user_943,pass_943
944,user_944,pass_944
945,user_945,pass_945
946,user_946,pass_946
947,user_947,pass_947
948,user_948,pass_948
949,user_949,pass_949
950,user_950,pass_950
951,user_951,pass_951
952,user_952,pass_952
953,user_953,pass_953
954,user_954,pass_954
955,user_955,pass_955
956,user_956,pass_956
957,user_957,pass_957
958,user_958,pass_958
959,user_959,pass_959
960,user_960,pass_960
961,user_961,pass_961
962,user_962,pass_962
963,user_963,pass_963
964,user_964,pass_964
965,user_965,pass_965
966,user_966,pass_966
967,user_967,pass_967
968,user_968,pass_968
969,user_969,pass_969
970,user_970,pass_970
971,user_971,pass_971
972,user_972,pass_972
973,user_973,pass_973
974,user_974,pass_974
975,user_975,pass_975
976,user_976,pass_976
977,user_977,pass_977
978,user_978,pass_978
979,user_979,pass_979
980,user_980,pass_980
981,user_981,pass_981
982,user_982,pass_982
983,user_983,pass_983
984,user_984,pass_984
985,user_985,pass_985
986,user_986,pass_986
987,user_987,pass_987
988,user_988,pass_988
989,user_989,pass_989
990,user_990,pass_990
991,user_991,pass_991
992,user_992,pass_992
993,user_993,pass_993
994,user_994,pass_994
995,user_995,pass_995
996,user_996,pass_996
997,user_997,pass_997
998,user_998,pass_998
999,user_999,pass_999
1000,user_1000,pass_1000
